Model,Balanced Accuracy,Accuracy,K-Fold Mean Accuracy,Std.Deviation,ROC_AUC,Precision,Recall,F1 Score
Logistic Regression,72.44960560911481,74.80653482373172,78.30537371170037,0.4670809057075305,0.7244960560911481,0.051027170311464545,0.7,0.09512044471896232
AdaBoostClassifier,71.88391363237989,70.19776440240757,78.08406152833118,0.285007077527964,0.7188391363237989,0.0453781512605042,0.7363636363636363,0.08548812664907651
SVC,61.791889092502586,79.26053310404127,85.91745094148152,0.5095213723924128,0.6179188909250258,0.040268456375838924,0.43636363636363634,0.07373271889400922
KNeigbors,60.51310652537647,83.74892519346517,90.2866096935826,0.3563416883488557,0.6051310652537646,0.04371584699453552,0.36363636363636365,0.07804878048780488
RandomForest,56.432953549517975,91.48753224419605,93.89325217923829,0.2812907935123125,0.5643295354951797,0.05128205128205128,0.2,0.08163265306122448
XGBClassifier,55.88319655804318,92.15821152192605,93.54267971945077,0.7118908754467294,0.5588319655804318,0.05181347150259067,0.18181818181818182,0.08064516129032258
DecisionTree,54.59086925344594,93.12123817712812,93.612773729182,0.3808247565783872,0.5459086925344594,0.049689440993788817,0.14545454545454545,0.07407407407407407
GaussianNB,51.744084136722165,5.31384350816853,51.68061535083689,0.05827597756916402,0.5174408413672218,0.019586894586894586,1.0,0.03842123646524624
